category	file	pass	fail	skip	total	time_ms
encoding	external/wpt/encoding/api-basics.any.js	4	2	0	6	67
encoding	external/wpt/encoding/api-invalid-label.any.js	0	0	0	0	-1
encoding	external/wpt/encoding/api-replacement-encodings.any.js	0	6	0	6	55
encoding	external/wpt/encoding/api-surrogates-utf8.any.js	6	0	0	6	51
encoding	external/wpt/encoding/encodeInto.any.js	0	111	0	111	238
encoding	external/wpt/encoding/idlharness.any.js	0	1	0	1	90
encoding	external/wpt/encoding/iso-2022-jp-decoder.any.js	1	33	0	34	138
encoding	external/wpt/encoding/legacy-mb-schinese/gb18030/gb18030-decoder.any.js	7	268	0	275	12227
encoding	external/wpt/encoding/legacy-mb-schinese/gbk/gbk-decoder.any.js	0	82	0	82	224
encoding	external/wpt/encoding/replacement-encodings.any.js	0	12	0	12	90
encoding	external/wpt/encoding/streams/backpressure.any.js	0	4	0	4	23839
encoding	external/wpt/encoding/streams/decode-attributes.any.js	2	26	0	28	98
encoding	external/wpt/encoding/streams/decode-bad-chunks.any.js	0	5	0	5	21970
encoding	external/wpt/encoding/streams/decode-ignore-bom.any.js	0	12	0	12	25670
encoding	external/wpt/encoding/streams/decode-incomplete-input.any.js	0	2	0	2	23950
encoding	external/wpt/encoding/streams/decode-non-utf8.any.js	0	13	0	13	25251
encoding	external/wpt/encoding/streams/decode-split-character.any.js	0	11	0	11	25779
encoding	external/wpt/encoding/streams/decode-utf8.any.js	0	0	0	0	-1
encoding	external/wpt/encoding/streams/encode-bad-chunks.any.js	0	6	0	6	24262
encoding	external/wpt/encoding/streams/encode-utf8.any.js	0	19	0	19	24955
encoding	external/wpt/encoding/streams/readable-writable-properties.any.js	0	2	0	2	20
encoding	external/wpt/encoding/textdecoder-arguments.any.js	0	4	0	4	62
encoding	external/wpt/encoding/textdecoder-byte-order-marks.any.js	0	3	0	3	46
encoding	external/wpt/encoding/textdecoder-copy.any.js	0	2	0	2	25
encoding	external/wpt/encoding/textdecoder-eof.any.js	0	2	0	2	32
encoding	external/wpt/encoding/textdecoder-fatal-single-byte.any.js	0	0	0	0	-1
encoding	external/wpt/encoding/textdecoder-fatal-streaming.any.js	0	2	0	2	29
encoding	external/wpt/encoding/textdecoder-fatal.any.js	0	36	0	36	122
encoding	external/wpt/encoding/textdecoder-ignorebom.any.js	0	4	0	4	49
encoding	external/wpt/encoding/textdecoder-labels.any.js	0	222	0	222	342
encoding	external/wpt/encoding/textdecoder-mistakes.any.js	12	75	0	87	34463
encoding	external/wpt/encoding/textdecoder-streaming.any.js	0	32	0	32	106
encoding	external/wpt/encoding/textdecoder-utf16-surrogates.any.js	0	10	0	10	64
encoding	external/wpt/encoding/textencoder-constructor-non-utf.any.js	79	0	0	79	140
encoding	external/wpt/encoding/textencoder-utf16-surrogates.any.js	5	2	0	7	53
encoding	external/wpt/encoding/unsupported-encodings.any.js	0	14	0	14	88
url	external/wpt/url/IdnaTestV2-removed.any.js	0	1	0	1	34
url	external/wpt/url/IdnaTestV2.any.js	0	1	0	1	34
url	external/wpt/url/historical.any.js	0	0	0	0	-1
url	external/wpt/url/idlharness.any.js	0	1	0	1	91
url	external/wpt/url/url-constructor.any.js	0	1	0	1	42
url	external/wpt/url/url-origin.any.js	0	1	0	1	37
url	external/wpt/url/url-searchparams.any.js	1	3	0	4	63
url	external/wpt/url/url-setters-stripping.any.js	0	260	0	260	691
url	external/wpt/url/url-setters.any.js	0	1	0	1	35
url	external/wpt/url/url-statics-canparse.any.js	0	8	0	8	48
url	external/wpt/url/url-statics-parse.any.js	0	8	0	8	41
url	external/wpt/url/url-tojson.any.js	1	0	0	1	24
url	external/wpt/url/urlencoded-parser.any.js	0	105	0	105	272
url	external/wpt/url/urlsearchparams-append.any.js	4	0	0	4	45
url	external/wpt/url/urlsearchparams-constructor.any.js	14	13	0	27	119
url	external/wpt/url/urlsearchparams-delete.any.js	3	5	0	8	72
url	external/wpt/url/urlsearchparams-foreach.any.js	1	5	0	6	61
url	external/wpt/url/urlsearchparams-get.any.js	2	0	0	2	32
url	external/wpt/url/urlsearchparams-getall.any.js	2	0	0	2	36
url	external/wpt/url/urlsearchparams-has.any.js	1	3	0	4	51
url	external/wpt/url/urlsearchparams-set.any.js	1	1	0	2	38
url	external/wpt/url/urlsearchparams-size.any.js	3	1	0	4	57
url	external/wpt/url/urlsearchparams-sort.any.js	1	16	0	17	112
url	external/wpt/url/urlsearchparams-stringifier.any.js	12	2	0	14	86
streams	external/wpt/streams/idlharness.any.js	0	1	0	1	65462
streams	external/wpt/streams/piping/abort.any.js	0	33	0	33	40283
streams	external/wpt/streams/piping/close-propagation-backward.any.js	0	16	0	16	40123
streams	external/wpt/streams/piping/close-propagation-forward.any.js	0	30	0	30	40190
streams	external/wpt/streams/piping/error-propagation-backward.any.js	0	35	0	35	5162
streams	external/wpt/streams/piping/error-propagation-forward.any.js	0	32	0	32	161
streams	external/wpt/streams/piping/flow-control.any.js	0	5	0	5	36178
streams	external/wpt/streams/piping/general-addition.any.js	1	0	0	1	20991
streams	external/wpt/streams/piping/general.any.js	7	7	0	14	117
streams	external/wpt/streams/piping/multiple-propagation.any.js	0	9	0	9	5099
streams	external/wpt/streams/piping/pipe-through.any.js	17	26	0	43	34989
streams	external/wpt/streams/piping/then-interception.any.js	0	2	0	2	27378
streams	external/wpt/streams/piping/throwing-options.any.js	0	8	0	8	86
streams	external/wpt/streams/piping/transform-streams.any.js	0	1	0	1	5036
streams	external/wpt/streams/queuing-strategies.any.js	0	0	0	0	-1
streams	external/wpt/streams/readable-byte-streams/bad-buffers-and-views.any.js	5	19	0	24	146
streams	external/wpt/streams/readable-byte-streams/construct-byob-request.any.js	0	0	0	0	-1
streams	external/wpt/streams/readable-byte-streams/crashtests/tee-locked-stream.any.js	1	0	0	1	22
streams	external/wpt/streams/readable-byte-streams/enqueue-with-detached-buffer.any.js	0	1	0	1	21897
streams	external/wpt/streams/readable-byte-streams/general.any.js	13	88	0	101	96811
streams	external/wpt/streams/readable-byte-streams/non-transferable-buffers.any.js	0	4	0	4	23831
streams	external/wpt/streams/readable-byte-streams/patched-global.any.js	0	0	0	0	-1
streams	external/wpt/streams/readable-byte-streams/read-min.any.js	0	24	0	24	56124
streams	external/wpt/streams/readable-byte-streams/respond-after-enqueue.any.js	2	1	0	3	25145
streams	external/wpt/streams/readable-byte-streams/tee.any.js	3	36	0	39	106454
streams	external/wpt/streams/readable-byte-streams/templated.any.js	17	17	0	34	40401
streams	external/wpt/streams/readable-streams/async-iterator.any.js	7	34	0	41	77216
streams	external/wpt/streams/readable-streams/bad-strategies.any.js	0	8	0	8	15086
streams	external/wpt/streams/readable-streams/bad-underlying-sources.any.js	1	21	0	22	40242
streams	external/wpt/streams/readable-streams/cancel.any.js	4	7	0	11	34642
streams	external/wpt/streams/readable-streams/constructor.any.js	0	1	0	1	23
streams	external/wpt/streams/readable-streams/count-queuing-strategy-integration.any.js	0	4	0	4	42
streams	external/wpt/streams/readable-streams/crashtests/garbage-collection.any.js	0	3	0	3	22503
streams	external/wpt/streams/readable-streams/default-reader.any.js	8	21	0	29	46769
streams	external/wpt/streams/readable-streams/floating-point-total-queue-size.any.js	0	4	0	4	57
streams	external/wpt/streams/readable-streams/from.any.js	13	35	0	48	54939
streams	external/wpt/streams/readable-streams/garbage-collection.any.js	0	5	0	5	24384
streams	external/wpt/streams/readable-streams/general.any.js	7	31	0	38	75173
streams	external/wpt/streams/readable-streams/owning-type-message-port.any.js	0	2	0	2	30005
streams	external/wpt/streams/readable-streams/owning-type-video-frame.any.js	0	5	0	5	33268
streams	external/wpt/streams/readable-streams/owning-type.any.js	3	2	0	5	28349
streams	external/wpt/streams/readable-streams/patched-global.any.js	0	0	0	0	-1
streams	external/wpt/streams/readable-streams/reentrant-strategies.any.js	1	9	0	10	48553
streams	external/wpt/streams/readable-streams/tee.any.js	4	22	0	26	87916
streams	external/wpt/streams/readable-streams/templated.any.js	55	36	0	91	66484
streams	external/wpt/streams/transferable/transform-stream-members.any.js	0	4	0	4	64
streams	external/wpt/streams/transform-streams/backpressure.any.js	3	11	0	14	132
streams	external/wpt/streams/transform-streams/cancel.any.js	0	11	0	11	31136
streams	external/wpt/streams/transform-streams/errors.any.js	1	20	0	21	150
streams	external/wpt/streams/transform-streams/flush.any.js	2	4	0	6	29312
streams	external/wpt/streams/transform-streams/general.any.js	7	19	0	26	68155
streams	external/wpt/streams/transform-streams/lipfuzz.any.js	12	8	0	20	226
streams	external/wpt/streams/transform-streams/patched-global.any.js	2	0	0	2	30
streams	external/wpt/streams/transform-streams/properties.any.js	2	4	0	6	87
streams	external/wpt/streams/transform-streams/reentrant-strategies.any.js	1	10	0	11	37014
streams	external/wpt/streams/transform-streams/strategies.any.js	1	9	0	10	5100
streams	external/wpt/streams/transform-streams/terminate.any.js	1	5	0	6	86
streams	external/wpt/streams/writable-streams/aborting.any.js	5	60	0	65	62033
streams	external/wpt/streams/writable-streams/bad-strategies.any.js	0	7	0	7	86
streams	external/wpt/streams/writable-streams/bad-underlying-sinks.any.js	0	14	0	14	92
streams	external/wpt/streams/writable-streams/byte-length-queuing-strategy.any.js	0	1	0	1	25
streams	external/wpt/streams/writable-streams/close.any.js	1	25	0	26	44840
streams	external/wpt/streams/writable-streams/constructor.any.js	2	11	0	13	92
streams	external/wpt/streams/writable-streams/count-queuing-strategy.any.js	0	3	0	3	39
streams	external/wpt/streams/writable-streams/crashtests/garbage-collection.any.js	0	5	0	5	25145
streams	external/wpt/streams/writable-streams/error.any.js	3	2	0	5	48
streams	external/wpt/streams/writable-streams/floating-point-total-queue-size.any.js	0	4	0	4	54
streams	external/wpt/streams/writable-streams/garbage-collection.any.js	0	1	0	1	20941
streams	external/wpt/streams/writable-streams/general.any.js	7	9	0	16	25102
streams	external/wpt/streams/writable-streams/properties.any.js	2	6	0	8	94
streams	external/wpt/streams/writable-streams/reentrant-strategy.any.js	0	7	0	7	78
streams	external/wpt/streams/writable-streams/start.any.js	0	8	0	8	92
streams	external/wpt/streams/writable-streams/write.any.js	2	11	0	13	157
WebCryptoAPI	external/wpt/WebCryptoAPI/crypto_key_cached_slots.https.any.js	2	0	0	2	6924
WebCryptoAPI	external/wpt/WebCryptoAPI/derive_bits_keys/argon2.tentative.https.any.js	0	1	0	1	19323
WebCryptoAPI	external/wpt/WebCryptoAPI/derive_bits_keys/cfrg_curves_bits_curve25519.https.any.js	0	1	0	1	34653
WebCryptoAPI	external/wpt/WebCryptoAPI/derive_bits_keys/cfrg_curves_bits_curve448.tentative.https.any.js	0	1	0	1	33935
WebCryptoAPI	external/wpt/WebCryptoAPI/derive_bits_keys/cfrg_curves_keys_curve25519.https.any.js	0	1	0	1	35334
WebCryptoAPI	external/wpt/WebCryptoAPI/derive_bits_keys/cfrg_curves_keys_curve448.tentative.https.any.js	0	1	0	1	35701
WebCryptoAPI	external/wpt/WebCryptoAPI/derive_bits_keys/derive_key_and_encrypt.https.any.js	1	0	0	1	40854
WebCryptoAPI	external/wpt/WebCryptoAPI/derive_bits_keys/derived_bits_length.https.any.js	1	0	0	1	33086
WebCryptoAPI	external/wpt/WebCryptoAPI/derive_bits_keys/ecdh_bits.https.any.js	0	1	0	1	48973
WebCryptoAPI	external/wpt/WebCryptoAPI/derive_bits_keys/ecdh_keys.https.any.js	0	1	0	1	48487
WebCryptoAPI	external/wpt/WebCryptoAPI/derive_bits_keys/hkdf.https.any.js	0	1	0	1	35534
WebCryptoAPI	external/wpt/WebCryptoAPI/derive_bits_keys/pbkdf2.https.any.js	0	1	0	1	37992
WebCryptoAPI	external/wpt/WebCryptoAPI/digest/cshake.tentative.https.any.js	0	88	0	88	20968
WebCryptoAPI	external/wpt/WebCryptoAPI/digest/digest.https.any.js	76	40	0	116	49387
WebCryptoAPI	external/wpt/WebCryptoAPI/digest/kangarootwelve.tentative.https.any.js	0	148	0	148	27249
WebCryptoAPI	external/wpt/WebCryptoAPI/digest/sha3.tentative.https.any.js	0	48	0	48	19928
WebCryptoAPI	external/wpt/WebCryptoAPI/digest/turboshake.tentative.https.any.js	0	135	0	135	27003
WebCryptoAPI	external/wpt/WebCryptoAPI/encap_decap/encap_decap_bits.tentative.https.any.js	0	9	0	9	36853
WebCryptoAPI	external/wpt/WebCryptoAPI/encap_decap/encap_decap_keys.tentative.https.any.js	0	120	0	120	44275
WebCryptoAPI	external/wpt/WebCryptoAPI/encrypt_decrypt/aes_cbc.https.any.js	1	0	0	1	25544
WebCryptoAPI	external/wpt/WebCryptoAPI/encrypt_decrypt/aes_ctr.https.any.js	1	0	0	1	25125
WebCryptoAPI	external/wpt/WebCryptoAPI/encrypt_decrypt/aes_gcm.https.any.js	1	0	0	1	27064
WebCryptoAPI	external/wpt/WebCryptoAPI/encrypt_decrypt/aes_gcm_256_iv.https.any.js	1	0	0	1	27019
WebCryptoAPI	external/wpt/WebCryptoAPI/encrypt_decrypt/aes_ocb.tentative.https.any.js	1	0	0	1	27958
WebCryptoAPI	external/wpt/WebCryptoAPI/encrypt_decrypt/chacha20_poly1305.tentative.https.any.js	0	28	0	28	21206
WebCryptoAPI	external/wpt/WebCryptoAPI/encrypt_decrypt/rsa_oaep.https.any.js	1	0	0	1	27279
WebCryptoAPI	external/wpt/WebCryptoAPI/generateKey/failures_AES-CBC.https.any.js	0	0	0	0	-1
WebCryptoAPI	external/wpt/WebCryptoAPI/generateKey/failures_AES-CTR.https.any.js	0	0	0	0	-1
WebCryptoAPI	external/wpt/WebCryptoAPI/generateKey/failures_AES-GCM.https.any.js	0	0	0	0	-1
WebCryptoAPI	external/wpt/WebCryptoAPI/generateKey/failures_AES-KW.https.any.js	0	0	0	0	-1
WebCryptoAPI	external/wpt/WebCryptoAPI/generateKey/failures_AES-OCB.tentative.https.any.js	0	0	0	0	-1
WebCryptoAPI	external/wpt/WebCryptoAPI/generateKey/failures_ECDH.https.any.js	0	0	0	0	-1
WebCryptoAPI	external/wpt/WebCryptoAPI/generateKey/failures_ECDSA.https.any.js	0	0	0	0	-1
WebCryptoAPI	external/wpt/WebCryptoAPI/generateKey/failures_Ed25519.https.any.js	0	0	0	0	-1
WebCryptoAPI	external/wpt/WebCryptoAPI/generateKey/failures_Ed448.tentative.https.any.js	0	0	0	0	-1
WebCryptoAPI	external/wpt/WebCryptoAPI/generateKey/failures_HMAC.https.any.js	0	0	0	0	-1
WebCryptoAPI	external/wpt/WebCryptoAPI/generateKey/failures_ML-DSA.tentative.https.any.js	0	0	0	0	-1
WebCryptoAPI	external/wpt/WebCryptoAPI/generateKey/failures_ML-KEM.tentative.https.any.js	0	0	0	0	-1
WebCryptoAPI	external/wpt/WebCryptoAPI/generateKey/failures_RSA-OAEP.https.any.js	0	0	0	0	-1
WebCryptoAPI	external/wpt/WebCryptoAPI/generateKey/failures_RSA-PSS.https.any.js	0	0	0	0	-1
WebCryptoAPI	external/wpt/WebCryptoAPI/generateKey/failures_RSASSA-PKCS1-v1_5.https.any.js	0	0	0	0	-1
WebCryptoAPI	external/wpt/WebCryptoAPI/generateKey/failures_X25519.https.any.js	0	0	0	0	-1
WebCryptoAPI	external/wpt/WebCryptoAPI/generateKey/failures_X448.tentative.https.any.js	0	0	0	0	-1
WebCryptoAPI	external/wpt/WebCryptoAPI/generateKey/failures_chacha20_poly1305.tentative.https.any.js	0	0	0	0	-1
WebCryptoAPI	external/wpt/WebCryptoAPI/generateKey/failures_kmac.tentative.https.any.js	0	0	0	0	-1
WebCryptoAPI	external/wpt/WebCryptoAPI/generateKey/successes_AES-CBC.https.any.js	0	0	0	0	-1
WebCryptoAPI	external/wpt/WebCryptoAPI/generateKey/successes_AES-CTR.https.any.js	0	0	0	0	-1
WebCryptoAPI	external/wpt/WebCryptoAPI/generateKey/successes_AES-GCM.https.any.js	0	0	0	0	-1
WebCryptoAPI	external/wpt/WebCryptoAPI/generateKey/successes_AES-KW.https.any.js	0	0	0	0	-1
WebCryptoAPI	external/wpt/WebCryptoAPI/generateKey/successes_AES-OCB.tentative.https.any.js	0	0	0	0	-1
WebCryptoAPI	external/wpt/WebCryptoAPI/generateKey/successes_ECDH.https.any.js	0	0	0	0	-1
WebCryptoAPI	external/wpt/WebCryptoAPI/generateKey/successes_ECDSA.https.any.js	0	0	0	0	-1
WebCryptoAPI	external/wpt/WebCryptoAPI/generateKey/successes_Ed25519.https.any.js	0	0	0	0	-1
WebCryptoAPI	external/wpt/WebCryptoAPI/generateKey/successes_Ed448.tentative.https.any.js	0	0	0	0	-1
WebCryptoAPI	external/wpt/WebCryptoAPI/generateKey/successes_HMAC.https.any.js	0	0	0	0	-1
WebCryptoAPI	external/wpt/WebCryptoAPI/generateKey/successes_ML-DSA.tentative.https.any.js	0	0	0	0	-1
WebCryptoAPI	external/wpt/WebCryptoAPI/generateKey/successes_ML-KEM.tentative.https.any.js	0	0	0	0	-1
WebCryptoAPI	external/wpt/WebCryptoAPI/generateKey/successes_RSA-OAEP.https.any.js	0	0	0	0	-1
WebCryptoAPI	external/wpt/WebCryptoAPI/generateKey/successes_RSA-PSS.https.any.js	0	0	0	0	-1
WebCryptoAPI	external/wpt/WebCryptoAPI/generateKey/successes_RSASSA-PKCS1-v1_5.https.any.js	0	0	0	0	-1
WebCryptoAPI	external/wpt/WebCryptoAPI/generateKey/successes_X25519.https.any.js	0	0	0	0	-1
WebCryptoAPI	external/wpt/WebCryptoAPI/generateKey/successes_X448.tentative.https.any.js	0	0	0	0	-1
WebCryptoAPI	external/wpt/WebCryptoAPI/generateKey/successes_chacha20_poly1305.tentative.https.any.js	0	0	0	0	-1
WebCryptoAPI	external/wpt/WebCryptoAPI/generateKey/successes_kmac.tentative.https.any.js	0	0	0	0	-1
WebCryptoAPI	external/wpt/WebCryptoAPI/getPublicKey.tentative.https.any.js	0	21	0	21	59201
WebCryptoAPI	external/wpt/WebCryptoAPI/getRandomValues.any.js	18	21	0	39	125
WebCryptoAPI	external/wpt/WebCryptoAPI/historical.any.js	2	1	0	3	36
WebCryptoAPI	external/wpt/WebCryptoAPI/idlharness.https.any.js	0	1	0	1	92
WebCryptoAPI	external/wpt/WebCryptoAPI/idlharness.tentative.https.any.js	0	1	0	1	90
WebCryptoAPI	external/wpt/WebCryptoAPI/import_export/AES-OCB_importKey.tentative.https.any.js	0	0	0	0	-1
WebCryptoAPI	external/wpt/WebCryptoAPI/import_export/Argon2_importKey.tentative.https.any.js	0	45	0	45	20281
WebCryptoAPI	external/wpt/WebCryptoAPI/import_export/ChaCha20-Poly1305_importKey.tentative.https.any.js	0	0	0	0	-1
WebCryptoAPI	external/wpt/WebCryptoAPI/import_export/KMAC_importKey.tentative.https.any.js	0	0	0	0	-1
WebCryptoAPI	external/wpt/WebCryptoAPI/import_export/ML-DSA_importKey.tentative.https.any.js	0	180	0	180	23678
WebCryptoAPI	external/wpt/WebCryptoAPI/import_export/ML-KEM_importKey.tentative.https.any.js	0	216	0	216	20459
WebCryptoAPI	external/wpt/WebCryptoAPI/import_export/crashtests/importKey-unsettled-promise.https.any.js	0	1	0	1	21333
WebCryptoAPI	external/wpt/WebCryptoAPI/import_export/ec_importKey.https.any.js	0	264	0	264	55015
WebCryptoAPI	external/wpt/WebCryptoAPI/import_export/ec_importKey_failures_ECDH.https.any.js	8	612	0	620	62481
WebCryptoAPI	external/wpt/WebCryptoAPI/import_export/ec_importKey_failures_ECDSA.https.any.js	8	612	0	620	61070
WebCryptoAPI	external/wpt/WebCryptoAPI/import_export/okp_importKey_Ed25519.https.any.js	0	72	0	72	29812
WebCryptoAPI	external/wpt/WebCryptoAPI/import_export/okp_importKey_Ed448.tentative.https.any.js	0	72	0	72	21544
WebCryptoAPI	external/wpt/WebCryptoAPI/import_export/okp_importKey_X25519.https.any.js	0	54	0	54	21103
WebCryptoAPI	external/wpt/WebCryptoAPI/import_export/okp_importKey_X448.tentative.https.any.js	0	54	0	54	20968
WebCryptoAPI	external/wpt/WebCryptoAPI/import_export/okp_importKey_failures_Ed25519.https.any.js	10	520	0	530	85539
WebCryptoAPI	external/wpt/WebCryptoAPI/import_export/okp_importKey_failures_Ed448.tentative.https.any.js	10	520	0	530	38766
WebCryptoAPI	external/wpt/WebCryptoAPI/import_export/okp_importKey_failures_X25519.https.any.js	8	446	0	454	38727
WebCryptoAPI	external/wpt/WebCryptoAPI/import_export/okp_importKey_failures_X448.tentative.https.any.js	8	446	0	454	38606
WebCryptoAPI	external/wpt/WebCryptoAPI/import_export/raw_format_aliases.tentative.https.any.js	0	20	0	20	52270
WebCryptoAPI	external/wpt/WebCryptoAPI/import_export/rsa_importKey.https.any.js	0	1056	0	1056	25017
WebCryptoAPI	external/wpt/WebCryptoAPI/import_export/symmetric_importKey.https.any.js	0	0	0	0	-1
WebCryptoAPI	external/wpt/WebCryptoAPI/normalize-algorithm-name.https.any.js	0	4	0	4	23397
WebCryptoAPI	external/wpt/WebCryptoAPI/randomUUID.https.any.js	3	0	0	3	157
WebCryptoAPI	external/wpt/WebCryptoAPI/sign_verify/ecdsa.https.any.js	1	0	0	1	30864
WebCryptoAPI	external/wpt/WebCryptoAPI/sign_verify/eddsa_curve25519.https.any.js	1	18	0	19	53845
WebCryptoAPI	external/wpt/WebCryptoAPI/sign_verify/eddsa_curve448.tentative.https.any.js	0	19	0	19	51720
WebCryptoAPI	external/wpt/WebCryptoAPI/sign_verify/eddsa_small_order_points.https.any.js	6	8	0	14	50985
WebCryptoAPI	external/wpt/WebCryptoAPI/sign_verify/hmac.https.any.js	1	0	0	1	49019
WebCryptoAPI	external/wpt/WebCryptoAPI/sign_verify/kmac.tentative.https.any.js	1	0	0	1	53354
WebCryptoAPI	external/wpt/WebCryptoAPI/sign_verify/mldsa.tentative.https.any.js	1	0	0	1	33013
WebCryptoAPI	external/wpt/WebCryptoAPI/sign_verify/rsa_pkcs.https.any.js	1	0	0	1	27061
WebCryptoAPI	external/wpt/WebCryptoAPI/sign_verify/rsa_pss.https.any.js	1	0	0	1	27267
WebCryptoAPI	external/wpt/WebCryptoAPI/supports.tentative.https.any.js	0	151	0	151	49286
WebCryptoAPI	external/wpt/WebCryptoAPI/wrapKey_unwrapKey/wrapKey_unwrapKey.https.any.js	1	0	0	1	52767
