got	got@11	0	129s
superagent	superagent	0	251s
request-promise-native	request-promise-native	0	139s
phin	phin	0	67s
make-fetch-happen	make-fetch-happen	0	1249s
fs-extra	fs-extra	0	222s
glob	glob@8	0	48s
chokidar	chokidar@3	0	277s
minimatch	minimatch	0	114s
nanoid	nanoid	0	24s
uuid	uuid@8	0	27s
pino	pino@6	0	71s
p-queue	p-queue@6	0	68s
p-retry	p-retry@4	0	57s
p-limit	p-limit@3	0	48s
async	async	0	37s
meow	meow@9	0	299s
yargs	yargs@17	0	199s
inquirer	inquirer@8	0	134s
ora	ora@5	0	139s
cli-progress	cli-progress	0	51s
ajv	ajv@8	0	215s
yup	yup	0	111s
validator	validator	0	52s
pug	pug	0	251s
ejs	ejs	0	28s
date-fns	date-fns	0	930s
dayjs	dayjs	0	69s
luxon	luxon	0	142s
through2	through2	0	99s
pumpify	pumpify	0	48s
multistream	multistream	0	57s
JSONStream	JSONStream	0	39s
